{
  "Dst Port": [
    0.0,
    53.0,
    80.0,
    443.0,
    2605.0,
    65535.0
  ],
  "Flow Duration": [
    -13.0,
    163.0,
    29961.0,
    125078.60000000033,
    10087148.400000002,
    119999998.0
  ],
  "Total Fwd Packets": [
    1.0,
    2.0,
    3.0,
    7.0,
    219759.0
  ],
  "Total Backward Packets": [
    0.0,
    1.0,
    2.0,
    6.0,
    291922.0
  ],
  "Total Length of Fwd Packets": [
    0.0,
    6.0,
    51.0,
    84.0,
    385.0,
    12900000.0
  ],
  "Total Length of Bwd Packets": [
    0.0,
    96.0,
    220.0,
    3888.0,
    655453030.0
  ],
  "Fwd Packet Length Max": [
    0.0,
    6.0,
    33.0,
    46.0,
    333.0,
    24820.0
  ],
  "Bwd Packet Length Max": [
    0.0,
    60.0,
    130.0,
    1448.0,
    19530.0
  ],
  "Flow IAT Mean": [
    -13.0,
    66.33333333,
    8645.040000000003,
    47270.0,
    1384282.4334,
    120000000.0
  ],
  "Active Mean": [
    0.0,
    975.0,
    110000000.0
  ],
  "Idle Mean": [
    0.0,
    6586263.200000016,
    120000000.0
  ],
  "Fwd PSH Flags": [
    0.0,
    1.0
  ],
  "Bwd PSH Flags": [
    0.0
  ],
  "Src Port": [
    -1.0
  ]
}